{
    "name": "Scale Controll",
    "description": "You can control your size!",
    "type": "origins:active_self",
    "entity_action": {
        "type": "origins:and",
        "actions": [
            {
                "type": "origins:execute_command",
                "command": "scale set pehkui:base 3 @s"
            },
            {
                "type": "origins:execute_command",
                "command": "scale set pehkui:attack 1.5 @s"
            },
            {
                "type": "origins:delay",
                "action": {
                    "type": "origins:and",
                    "actions": [
                        {
                            "type": "origins:execute_command",
                            "command": "scale set pehkui:base 1 @s"
                        },
                        {
                            "type": "origins:execute_command",
                            "command": "scale set pehkui:attack 1 @s"
                        }
                    ]
                },
                "ticks": 200
            }
        ]
    },
    "cooldown": 1250,
    "hud_render": {
        "should_render": true,
        "sprite_location": "godorigins:textures/resource_bar.png",
        "bar_index": 13
    },
    "key": {
        "key": "key.origins.primary_active",
        "continuous": false
    }
}