{
    "name": "Soul Controll",
    "description": "Bad creatures will lose their souls if they come near you.",
    "type": "origins:action_over_time",
    "interval": 20,
    "entity_action": {
        "type": "origins:and",
        "actions": [
            {
                "type": "origins:execute_command",
                "command": "execute as @e[type=minecraft:zombie,distance=..7] at @s if entity @a[distance=..7] run data merge entity @s {NoAI:1b}"
            },
            {
                "type": "origins:execute_command",
                "command": "execute as @e[type=minecraft:husk,distance=..7] at @s if entity @a[distance=..7] run data merge entity @s {NoAI:1b}"
            },
            {
                "type": "origins:execute_command",
                "command": "execute as @e[type=minecraft:skeleton,distance=..7] at @s if entity @a[distance=..7] run data merge entity @s {NoAI:1b}"
            },
            {
                "type": "origins:execute_command",
                "command": "execute as @e[type=minecraft:drowned,distance=..7] at @s if entity @a[distance=..7] run data merge entity @s {NoAI:1b}"
            }
        ]
    },
    "cooldown": 200,
    "hud_render": {
        "should_render": false
    }
}