{
    "name": "Dash",
    "description": "Push yourself with airflow.",
    "type": "origins:active_self",
    "entity_action": {
        "type": "origins:and",
        "actions": [
            {
                "type": "origins:add_velocity",
                "z": 2,
                "space": "local",
                "client": true,
                "server": true
            }
        ]
    },
    "cooldown": 160,
    "hud_render": {
        "should_render": true,
        "sprite_location": "godorigins:textures/resource_bar.png",
        "bar_index": 15
    },
    "key": {
        "key": "key.origins.secondary_active",
        "continuous": false
    }
}