{
    "name": "Glowing Sac Power",
    "description": "If you have a glowing ink sac in your inventory, you can make all entities around you glow for 1 minute at the cost of 1 sac.",
    "condition": {
        "type": "origins:inventory_contains",
        "item_condition": {
            "type": "origins:ingredient",
            "ingredient": {
                "item": "minecraft:glow_ink_sac"
            }
        }
    },
    "type": "origins:active_self",
    "entity_action": {
        "type": "origins:and",
        "actions": [
            {
                "type": "origins:execute_command",
                "command": "execute at @s run effect give @e[distance=..50,type=!player] minecraft:glowing 60 0 true"
            },
            {
                "type": "origins:execute_command",
                "command": "execute at @s run clear @s minecraft:glow_ink_sac 1"
            }
        ]
    },
    "cooldown": 200,
    "hud_render": {
        "should_render": true
    },
    "key": {
        "key": "key.origins.primary_active",
        "continuous": false
    }
}