{
    "name": "Unknown light",
    "description": "An unknown light appears permanently.",
    "type": "origins:active_self",
    "entity_action": {
        "type": "origins:and",
        "actions": [
            {
                "type": "origins:execute_command",
                "command": "/execute at @s run fill ~-5 ~-5 ~-5 ~5 ~5 ~5 minecraft:light replace minecraft:air"
            }
        ]
    },
    "cooldown": 1200,
    "hud_render": {
        "should_render": true,
        "sprite_location": "godorigins:textures/resource_bar.png",
        "bar_index": 12
    },
    "key": {
        "key": "key.origins.primary_active"
    }
}