{
    "name": "Ore Upgrade",
    "description": "Every ore has a soul, and these souls can feed on the energy you share and thrive.",
    "type": "origins:active_self",
    "entity_action": {
        "type": "origins:and",
        "actions": [
            {
                "type": "origins:execute_command",
                "command": "execute as @s at @s run fill ~-5 ~-5 ~-5 ~5 ~5 ~5 minecraft:ancient_debris replace minecraft:emerald_ore"
            },
            {
                "type": "origins:execute_command",
                "command": "execute as @s at @s run fill ~-5 ~-5 ~-5 ~5 ~5 ~5 minecraft:deepslate_emerald_ore replace minecraft:deepslate_diamond_ore"
            },
            {
                "type": "origins:execute_command",
                "command": "execute as @s at @s run fill ~-5 ~-5 ~-5 ~5 ~5 ~5 minecraft:emerald_ore replace minecraft:diamond_ore"
            },
            {
                "type": "origins:execute_command",
                "command": "execute as @s at @s run fill ~-5 ~-5 ~-5 ~5 ~5 ~5 minecraft:deepslate_diamond_ore replace minecraft:deepslate_gold_ore"
            },
            {
                "type": "origins:execute_command",
                "command": "execute as @s at @s run fill ~-5 ~-5 ~-5 ~5 ~5 ~5 minecraft:diamond_ore replace minecraft:gold_ore"
            },
            {
                "type": "origins:execute_command",
                "command": "execute as @s at @s run fill ~-5 ~-5 ~-5 ~5 ~5 ~5 minecraft:deepslate_gold_ore replace minecraft:deepslate_lapis_ore"
            },
            {
                "type": "origins:execute_command",
                "command": "execute as @s at @s run fill ~-5 ~-5 ~-5 ~5 ~5 ~5 minecraft:gold_ore replace minecraft:lapis_ore"
            },
            {
                "type": "origins:execute_command",
                "command": "execute as @s at @s run fill ~-5 ~-5 ~-5 ~5 ~5 ~5 minecraft:deepslate_lapis_ore replace minecraft:deepslate_iron_ore"
            },
            {
                "type": "origins:execute_command",
                "command": "execute as @s at @s run fill ~-5 ~-5 ~-5 ~5 ~5 ~5 minecraft:lapis_ore replace minecraft:iron_ore"
            },
            {
                "type": "origins:execute_command",
                "command": "execute as @s at @s run fill ~-5 ~-5 ~-5 ~5 ~5 ~5 minecraft:deepslate_iron_ore replace minecraft:deepslate_copper_ore"
            },
            {
                "type": "origins:execute_command",
                "command": "execute as @s at @s run fill ~-5 ~-5 ~-5 ~5 ~5 ~5 minecraft:iron_ore replace minecraft:copper_ore"
            },
            {
                "type": "origins:execute_command",
                "command": "execute as @s at @s run fill ~-5 ~-5 ~-5 ~5 ~5 ~5 minecraft:deepslate_copper_ore replace minecraft:deepslate_coal_ore"
            },
            {
                "type": "origins:execute_command",
                "command": "execute as @s at @s run fill ~-5 ~-5 ~-5 ~5 ~5 ~5 minecraft:copper_ore replace minecraft:coal_ore"
            },
            {
                "type": "origins:damage",
                "amount": 2,
                "damage_type": "minecraft:on_fire"
            },
            {
                "type": "origins:execute_command",
                "command": "effect give @s minecraft:hunger 8 255 true"
            }
        ]
    },
    "cooldown": 1500,
    "hud_render": {
        "should_render": true,
        "sprite_location": "godorigins:textures/resource_bar.png",
        "bar_index": 16
    },
    "key": {
        "key": "key.origins.primary_active",
        "continuous": false
    }
}