{
    "name": "Light Dependent",
    "description": "You'll lose energy if you're too far from light sources like fire or torches, but this effect only happens at night.",
    "condition": {
        "type": "origins:and",
        "conditions": [
            {
                "type": "origins:time_of_day",
                "comparison": ">=",
                "compare_to": 13000
            },
            {
                "type": "origins:block_in_radius",
                "block_condition": {
                    "type": "origins:or",
                    "conditions": [
                        {
                            "type": "origins:block",
                            "block": "minecraft:fire"
                        },
                        {
                            "type": "origins:block",
                            "block": "minecraft:torch"
                        },
                        {
                            "type": "origins:block",
                            "block": "minecraft:lava"
                        },
                        {
                            "type": "origins:block",
                            "block": "minecraft:glowstone"
                        },
                        {
                            "type": "origins:block",
                            "block": "minecraft:lantern"
                        }
                    ]
                },
                "radius": 7,
                "shape": "cube",
                "comparison": "<",
                "compare_to": 1
            }
        ]
    },
    "type": "origins:action_over_time",
    "interval": 40,
    "entity_action": {
        "type": "origins:and",
        "actions": [
            {
                "type": "origins:execute_command",
                "command": "effect give @s minecraft:slowness 5 2"
            },
            {
                "type": "origins:execute_command",
                "command": "effect give @s minecraft:unluck 5 255"
            },
            {
                "type": "origins:execute_command",
                "command": "effect give @s minecraft:blindness 5 1"
            }
        ]
    }
}