{
    "name": "Push with Levitation",
    "description": "With the power of the wind, you can push all the beings near you and lift yourself up.",
    "type": "origins:active_self",
    "entity_action": {
        "type": "origins:and",
        "actions": [
            {
                "type": "origins:execute_command",
                "command": "effect give @s minecraft:levitation 1 11 true"
            },
            {
                "type": "origins:execute_command",
                "command": "execute as @e[distance=..5,type=!player] at @s run tp @s ^ ^15 ^15"
            },
            {
                "type": "origins:execute_command",
                "command": "execute at @s run summon minecraft:area_effect_cloud ~ ~ ~ {Particle:\"spit\",Radius:5,Duration:3}"
            }
        ]
    },
    "cooldown": 500,
    "hud_render": {
        "should_render": true,
        "sprite_location": "godorigins:textures/resource_bar.png",
        "bar_index": 17
    },
    "key": {
        "key": "key.origins.primary_active"
    }
}