{
    "name": "Slow Aura",
    "description": "Any entity within 2 blocks of you gets Slowness and Mining Fatigue.",
    "type": "origins:action_over_time",
    "interval": 20,
    "entity_action": {
        "type": "origins:and",
        "actions": [
            {
                "type": "origins:execute_command",
                "command": "execute as @e[distance=..2] at @s run effect give @s minecraft:slowness 4 1 true"
            },
            {
                "type": "origins:execute_command",
                "command": "execute as @e[distance=..2] at @s run effect give @s minecraft:mining_fatigue 4 1 true"
            }
        ]
    },
    "cooldown": 0,
    "hud_render": {
        "should_render": false
    }
}