{
    "name": "stone",
    "description": "When you feel in danger, you turn to stone.",
    "type": "origins:active_self",
    "entity_action": {
        "type": "origins:and",
        "actions": [
            {
                "type": "origins:execute_command",
                "command": "effect give @s minecraft:glowing 1 255 true"
            },
            {
                "type": "origins:execute_command",
                "command": "effect give @s minecraft:health_boost 30 5 true"
            },
            {
                "type": "origins:execute_command",
                "command": "effect give @s minecraft:regeneration 5 255 true"
            },
            {
                "type": "origins:execute_command",
                "command": "effect give @s minecraft:slowness 30 255"
            },
            {
                "type": "origins:execute_command",
                "command": "effect give @s minecraft:mining_fatigue 30 12"
            },
            {
                "type": "origins:execute_command",
                "command": "effect give @s minecraft:strength 45 2"
            }
        ]
    },
    "cooldown": 1000,
    "hud_render": {
        "should_render": true,
        "sprite_location": "godorigins:textures/resource_bar.png",
        "bar_index": 18
    },
    "key": {
        "key": "key.origins.secondary_active",
        "continuous": false
    }
}