{
    "name": "Water Manipulation",
    "description": "Enemies near you in water are slowed down and slightly damaged.",
    "condition": {
        "type": "origins:submerged_in",
        "fluid": "water"
    },
    "type": "origins:action_on_condition",
    "bientity_action": {
        "type": "origins:target_conditioned_action",
        "bientity_condition": {
            "type": "origins:entity_group",
            "group": "hostile"
        },
        "action": {
            "type": "origins:apply_effect",
            "effect": {
                "effect": "minecraft:slowness",
                "duration": 40,
                "amplifier": 0,
                "show_particles": true
            }
        }
    },
    "damage_action": {
        "type": "origins:damage",
        "amount": 1,
        "source": {
            "name": "water",
            "bypasses_armor": false
        }
    }
}