{
    "name": "Poseidon's gift",
    "description": "With a trident in hand, unleash Poseidon's power to launch yourself forward, rain tridents on enemies, and summon sea creatures.",
    "condition": {
        "type": "origins:equipped_item",
        "equipment_slot": "mainhand",
        "item_condition": {
            "type": "origins:ingredient",
            "ingredient": {
                "item": "minecraft:trident"
            }
        }
    },
    "type": "origins:active_self",
    "entity_action": {
        "type": "origins:and",
        "actions": [
            {
                "type": "origins:execute_command",
                "command": "execute at @s run summon minecraft:trident ~ ~2 ~ {Owner:@s}"
            },
            {
                "type": "origins:execute_command",
                "command": "execute at @s run summon minecraft:dolphin ~ ~ ~ {Tags:[\"friendly_sea_guard\"]}"
            },
            {
                "type": "origins:execute_command",
                "command": "effect give @s minecraft:levitation 1 1 true"
            },
            {
                "type": "origins:execute_command",
                "command": "execute as @e[distance=..10,type=!player] at @s run summon minecraft:trident ~ ~1 ~ {Owner:@s}"
            }
        ]
    },
    "cooldown": 700,
    "hud_render": {
        "should_render": true,
        "sprite_location": "godorigins:textures/resource_bar.png",
        "bar_index": 19
    },
    "key": {
        "key": "key.origins.primary_active"
    }
}