{
    "name": "Water Empowerment",
    "description": "In water, you gain speed and perfect vision.",
    "condition": {
        "type": "origins:submerged_in",
        "fluid": "water"
    },
    "type": "origins:action_over_time",
    "interval": 20,
    "entity_action": {
        "type": "origins:and",
        "actions": [
            {
                "type": "origins:apply_effect",
                "effect": {
                    "effect": "minecraft:speed",
                    "duration": 100,
                    "amplifier": 2,
                    "show_particles": false,
                    "show_icon": false
                }
            },
            {
                "type": "origins:apply_effect",
                "effect": {
                    "effect": "minecraft:night_vision",
                    "duration": 100,
                    "amplifier": 2,
                    "show_particles": false,
                    "show_icon": false
                }
            },
            {
                "type": "origins:apply_effect",
                "effect": {
                    "effect": "minecraft:water_breathing",
                    "duration": 100,
                    "amplifier": 255,
                    "show_particles": false,
                    "show_icon": false
                }
            },
            {
                "type": "origins:apply_effect",
                "effect": {
                    "effect": "minecraft:conduit_power",
                    "duration": 500,
                    "amplifier": 5,
                    "show_particles": false,
                    "show_icon": false
                }
            }
        ]
    }
}