{
    "name": "Lightning strike",
    "description": "By pressing the primary ability key, you can strike the nearest 5 creatures with lightning.",
    "type": "origins:active_self",
    "entity_action": {
        "type": "origins:execute_command",
        "command": "execute as @s at @s run execute at @e[type=!minecraft:player,distance=..15,limit=5,sort=nearest] run summon minecraft:lightning_bolt ~ ~ ~"
    },
    "cooldown": 300,
    "hud_render": {
        "should_render": true,
        "sprite_location": "godorigins:textures/resource_bar.png",
        "bar_index": 10
    }
}