{
    "name": "Rain Toggle",
    "description": "Toggle between rain and clear weather every 25 seconds.",
    "type": "origins:active_self",
    "entity_action": {
        "type": "origins:execute_command",
        "command": "weather rain"
    },
    "cooldown": 500,
    "hud_render": {
        "should_render": true,
        "sprite_location": "godorigins:textures/resource_bar.png",
        "bar_index": 9
    },
    "key": {
        "key": "key.origins.secondary_active",
        "continuous": false
    }
}